{
  "entropy": [
    2.0179569806623436,
    0.10180927769442052,
    0.0038130138513007405,
    5.302138096917193e-05,
    9.886880705229358e-07,
    1.8277854342779563e-08,
    3.3162926936825e-10,
    5.876131957629895e-12,
    1.0218766050696281e-13,
    1.7046132799122656e-15,
    2.89348290251077e-17
  ],
  "timecost": [
    1.195997953414917,
    0.6910734176635742,
    0.7698206901550293,
    0.45035362243652344,
    0.6497461795806885,
    0.5188195705413818,
    0.8163096904754639,
    0.5945732593536377,
    0.6613013744354248,
    0.8616275787353516
  ],
  "cost": [
    19,
    18,
    19,
    19,
    19,
    19,
    18,
    19,
    16,
    12
  ],
  "prob": [
    1.0,
    1.381423131021692e-34,
    1.1836622677679967e-34,
    1.103420316843447e-34,
    9.454575974634425e-35,
    1.4016878804736944e-23,
    1.201025969557445e-23,
    1.1196069114927946e-23,
    9.593269622509844e-24,
    1.2723467820256401e-33,
    1.0902009989408042e-33,
    1.016294904747347e-33,
    8.708048277609267e-34,
    1.4074877183994601e-34,
    1.2059955181032416e-34,
    1.1242395681046444e-34,
    9.63296420057093e-35,
    6.919163135993543e-19
  ]
}