{
  "entropy": [
    2.017956980662346,
    0.3128228426810594,
    0.1236003916567628,
    0.08871752633850853,
    0.08268389923628845,
    0.0817190089068729,
    0.08157253132730104,
    0.08155106023095948,
    0.08154799028780006,
    0.08154755941375168,
    0.08154749980153184
  ],
  "prob": [
    0.943508857008173,
    1.1275114713572376e-21,
    9.703487702673343e-22,
    1.1163988405112265e-21,
    1.2754375333908002e-21,
    0.0007987889146102136,
    0.0006923536544952132,
    3.703149912791098e-12,
    3.6725072202888995e-12,
    3.404932755304447e-21,
    3.3767577408389065e-21,
    5.092755034197211e-13,
    4.363689761374126e-13,
    1.3861257233892788e-21,
    1.5987475030224423e-21,
    9.478858107529193e-22,
    1.4619401905405851e-21,
    0.05500000041439951
  ]
}