{
  "entropy": [
    2.0179569806623436,
    0.07907596268035876,
    0.002184707429110235,
    4.8281060051403304e-05,
    9.65229128178437e-07,
    1.8222914722769346e-08,
    3.3150318670923206e-10,
    5.875603352721924e-12,
    1.0218650695766913e-13,
    1.704594074567438e-15,
    2.8932357449635166e-17
  ],
  "timecost": [
    1.2685110569000244,
    1.2766306400299072,
    1.2117981910705566,
    1.4707849025726318,
    1.1095261573791504,
    1.2363669872283936,
    1.0858051776885986,
    1.169703722000122,
    1.1261200904846191,
    1.0335984230041504
  ],
  "cost": [
    29,
    30,
    29,
    26,
    26,
    22,
    19,
    26,
    23,
    12
  ],
  "prob": [
    1.0,
    1.1490885808553065e-43,
    1.2169066579969515e-44,
    9.178416500314411e-44,
    9.720117609025413e-45,
    9.433555848532704e-32,
    9.990315030474625e-33,
    7.53511140040759e-32,
    7.979826259416418e-33,
    8.563072131923879e-42,
    9.06845622161697e-43,
    6.83980711831035e-42,
    7.243485802888588e-43,
    7.664186107025791e-42,
    8.116518828187563e-43,
    6.12181631583578e-42,
    6.483119889878183e-43,
    6.919163135993549e-19
  ]
}