{
  "entropy": [
    2.017956980662346,
    0.373011166532999,
    0.16507377002096163,
    0.12685414160059008,
    0.12028808916129026,
    0.1192428801608974,
    0.11908469038093256,
    0.11906155125704311,
    0.11905824790998096,
    0.11905778482119236,
    0.11905772081122246
  ],
  "prob": [
    0.92157002151586,
    8.16833334211585e-13,
    9.115432944807374e-13,
    4.1836408408306394e-13,
    1.7964636845696455e-13,
    0.0016308082259101435,
    0.0010409590793302643,
    0.0006484617246845662,
    0.0008392867714851145,
    1.197717488137028e-12,
    5.291822149808286e-13,
    3.7203935816130716e-21,
    2.0450309927685066e-13,
    5.469168998410183e-13,
    6.842606942661864e-13,
    3.1705642951860687e-21,
    3.783170663230232e-13,
    0.07427046267686252
  ]
}