{
  "entropy": [
    2.0179569806623436,
    0.07898779137305953,
    0.002184702337545647,
    4.828106000183444e-05,
    9.652291281765177e-07,
    1.8222914611746954e-08,
    3.3150329765481187e-10,
    5.875603352405012e-12,
    1.0218650695727032e-13,
    1.7045940745670075e-15,
    2.8932357449621663e-17
  ],
  "timecost": [
    0.4020977020263672,
    0.37853121757507324,
    0.4011189937591553,
    0.3999183177947998,
    0.39986419677734375,
    0.40628576278686523,
    0.4146277904510498,
    0.40048742294311523,
    0.3992421627044678,
    0.38726377487182617
  ],
  "cost": [
    32,
    33,
    32,
    32,
    32,
    32,
    32,
    32,
    32,
    32
  ],
  "prob": [
    1.0,
    3.3141098644368603e-48,
    2.8396707060134064e-48,
    2.6471658643549243e-48,
    2.268204636071909e-48,
    4.1561783381081894e-38,
    3.5611908954318145e-38,
    3.3197732944441293e-38,
    2.844523374435706e-38,
    2.0543279741743102e-55,
    1.760235842331653e-55,
    1.6409072450432153e-55,
    1.405999325802723e-55,
    2.2725261965228264e-56,
    1.9471973871966005e-56,
    1.815194432098214e-56,
    1.5553360224597778e-56,
    6.919163135993538e-19
  ]
}