{
  "entropy": [
    2.0179569806623436,
    0.21337498137748506,
    0.013217299208322705,
    0.0007811825223947577,
    4.242084046016834e-05,
    2.190692168697289e-06,
    1.0916720874207245e-07,
    5.304706970147035e-09,
    2.5295578775430714e-10,
    1.1887817396857401e-11,
    5.521267695528224e-13
  ],
  "timecost": [
    2.3168087005615234,
    1.7618823051452637,
    1.8092572689056396,
    1.7487351894378662,
    1.752384901046753,
    1.7565538883209229,
    1.785487174987793,
    1.80953049659729,
    1.7488958835601807,
    1.7262284755706787
  ],
  "cost": [
    18,
    19,
    18,
    19,
    18,
    19,
    18,
    19,
    14,
    20
  ],
  "prob": [
    0.9999999999999832,
    1.9189491091014658e-29,
    8.027747577879531e-29,
    7.48353649274157e-29,
    3.130668847268666e-28,
    1.9041971202416382e-22,
    7.966033985644745e-22,
    7.426006542390391e-22,
    3.1066017202460293e-21,
    2.1844640801721088e-29,
    9.138505104378586e-29,
    8.518994372240401e-29,
    3.5638431531800556e-28,
    1.9551556960656433e-29,
    8.179214513311218e-29,
    7.624735294491407e-29,
    3.1897380708020375e-28,
    1.6881715617365047e-14
  ]
}