{
  "entropy": [
    2.017956980662346,
    0.47718298382783,
    0.24401773473184085,
    0.20065405570391387,
    0.19321842688734756,
    0.19203755802790132,
    0.19185913774264635,
    0.19183307058536808,
    0.1918293525019214,
    0.1918288316223937,
    0.19182875966252577
  ],
  "prob": [
    0.8805087878938859,
    1.3790634935355213e-12,
    7.198622932610526e-13,
    1.2604789990740282e-12,
    1.810117069074469e-12,
    0.002572764477866125,
    0.0018733139724288305,
    0.002397635419834819,
    0.0028990766763836067,
    0.00035429269590257355,
    2.5251668537477224e-13,
    1.9830144770254452e-12,
    1.4802702552384008e-12,
    1.2473240064634525e-12,
    1.518492460847639e-12,
    0.0002456735440278581,
    0.00021050357322702408,
    0.10893795173479168
  ]
}