{
  "entropy": [
    2.0179569806623436,
    0.09565196715547021,
    0.002201870323783159,
    4.971714840301139e-05,
    1.1455896288025027e-06,
    4.249863674954515e-08,
    2.7304054281957106e-09,
    7.932751471411466e-11,
    5.426154598922941e-12,
    1.757417299490103e-13,
    1.1302238220463564e-14
  ],
  "timecost": [
    0.5165219306945801,
    0.03144025802612305,
    0.03403282165527344,
    0.03417396545410156,
    0.03381919860839844,
    0.051466941833496094,
    0.03387331962585449,
    0.033757925033569336,
    0.05169486999511719,
    0.034137725830078125
  ],
  "cost": [
    18,
    20,
    18,
    18,
    18,
    19,
    18,
    18,
    19,
    18
  ],
  "prob": [
    0.9999999999999998,
    1.0871627950991118e-23,
    1.4229872816203737e-25,
    4.72857478612717e-31,
    6.189231098766874e-33,
    2.5741265272610907e-16,
    3.369273972662224e-18,
    1.1196069114927955e-23,
    1.4654533825573667e-25,
    6.739031093747818e-31,
    8.820717173248329e-33,
    2.9311169087531106e-38,
    3.836538649869688e-40,
    6.031618989984239e-31,
    7.894785536277512e-33,
    2.623430603414385e-38,
    3.433808073364031e-40,
    4.529478611587181e-17
  ]
}