{
  "entropy": [
    2.0179569806623436,
    0.08210118340167678,
    0.002193310147867168,
    4.829320665500083e-05,
    9.652431229595984e-07,
    1.8222934156334736e-08,
    3.3150332004650554e-10,
    5.875603400884761e-12,
    1.0218650698220607e-13,
    1.7045940746150298e-15,
    2.893235745047258e-17
  ],
  "timecost": [
    0.8271002769470215,
    0.611344575881958,
    0.8621430397033691,
    0.7900962829589844,
    0.747459888458252,
    0.8600785732269287,
    0.6985924243927002,
    1.1568830013275146,
    1.198328971862793,
    1.3809623718261719
  ],
  "cost": [
    25,
    23,
    23,
    24,
    25,
    23,
    19,
    25,
    22,
    13
  ],
  "prob": [
    1.0,
    3.984190689696481e-39,
    3.413824541578651e-39,
    3.933299775022903e-40,
    3.370219034968408e-40,
    6.175470733572517e-30,
    5.291406759367892e-30,
    6.09659013305705e-31,
    5.22381849593698e-31,
    8.563072131923872e-42,
    7.337205488399181e-42,
    8.453694191170083e-43,
    7.243485802888586e-43,
    7.664186107025784e-42,
    6.567001597351752e-42,
    7.566289828561073e-43,
    6.483119889878182e-43,
    6.919163135993547e-19
  ]
}