{
  "entropy": [
    2.0179569806623436,
    0.07899778284794019,
    0.002184702337545648,
    4.8281059983028826e-05,
    9.652291281757478e-07,
    1.8222914722769236e-08,
    3.315031866492434e-10,
    5.875603352593983e-12,
    1.0218650695751424e-13,
    1.7045940745675165e-15,
    2.893235744968116e-17
  ],
  "timecost": [
    2.5766496658325195,
    1.872783899307251,
    1.673060417175293,
    1.563361406326294,
    2.1776461601257324,
    1.4135587215423584,
    2.039745807647705,
    1.2727351188659668,
    2.030503511428833,
    1.6980183124542236
  ],
  "cost": [
    33,
    32,
    33,
    32,
    26,
    19,
    21,
    26,
    23,
    12
  ],
  "prob": [
    1.0,
    9.297171245102024e-43,
    9.845881141975334e-44,
    1.134411028128746e-44,
    1.2013628505537017e-45,
    7.632604277449178e-31,
    8.083073070111284e-32,
    9.313059034211624e-33,
    9.862706612761862e-34,
    1.0583572297883443e-42,
    1.1208204318852433e-43,
    1.2913735603226617e-44,
    1.3675891569196237e-45,
    9.47258957048131e-43,
    1.0031652484276757e-43,
    1.155815009791554e-44,
    1.2240300741490559e-45,
    6.919163135993543e-19
  ]
}