{
  "entropy": [
    2.017956980662346,
    0.6656197294876174,
    0.4048724616357133,
    0.3549243186861715,
    0.34640715652512566,
    0.34506278876852436,
    0.3448605481845274,
    0.3448310919524002,
    0.34482690002416716,
    0.34482631378599093,
    0.3448262329084435
  ],
  "prob": [
    0.7975013718558539,
    0.0005594502347220201,
    0.0002390362562186745,
    0.000470252064325034,
    0.00021355138981659705,
    0.0042327405703809365,
    0.0036546136003659836,
    0.0040139060587460786,
    0.004583524676088291,
    0.0002762054026298634,
    0.00023666457143619847,
    0.0010540919553830956,
    0.0009090787651579114,
    0.0011181696028797485,
    0.0004553676962661479,
    0.0009168574246474885,
    0.0003866866285644081,
    0.17917843124651733
  ]
}