{
  "entropy": [
    2.0179569806623436,
    0.0918547341551545,
    0.002201870323783048,
    4.8371455230175775e-05,
    9.653349317783124e-07,
    1.8223426557149074e-08,
    3.3150371524123895e-10,
    5.875605803972881e-12,
    1.021865168780652e-13,
    1.7045941616503497e-15,
    2.89323588799642e-17
  ],
  "timecost": [
    1.7952196598052979,
    1.7923247814178467,
    1.839780569076538,
    1.8131039142608643,
    1.7901611328125,
    1.7944962978363037,
    1.776451587677002,
    1.8007946014404297,
    1.7971315383911133,
    1.772826910018921
  ],
  "cost": [
    18,
    19,
    18,
    19,
    18,
    19,
    18,
    20,
    20,
    10
  ],
  "prob": [
    1.0,
    2.6081631779409746e-37,
    1.808144608003125e-36,
    1.6855682153523187e-36,
    1.1685430979885249e-35,
    4.042636667820491e-28,
    2.802612871333452e-27,
    2.6126202268047798e-27,
    1.8112345177675313e-26,
    2.969041101932809e-37,
    2.0583281386702237e-36,
    1.9187914904325123e-36,
    1.330228306515239e-35,
    2.657373803939861e-37,
    1.8422605440031827e-36,
    1.7173713892268904e-36,
    1.1905910809694398e-35,
    6.919163135993542e-19
  ]
}