{
  "entropy": [
    2.0179569806623436,
    0.09279704325195512,
    0.0021946078766922035,
    4.83886912244937e-05,
    9.670170020750324e-07,
    1.825445706899913e-08,
    3.320546257290359e-10,
    5.885176784459173e-12,
    1.0234409960272583e-13,
    1.7072525988248974e-15,
    2.8976805508066976e-17
  ],
  "timecost": [
    0.0992133617401123,
    0.05515480041503906,
    0.09603476524353027,
    0.09299802780151367,
    0.09491705894470215,
    0.09472513198852539,
    0.0997765064239502,
    0.09486937522888184,
    0.0993189811706543,
    0.09241151809692383
  ],
  "cost": [
    24,
    23,
    24,
    24,
    24,
    24,
    24,
    24,
    24,
    24
  ],
  "prob": [
    1.0,
    5.919922342021554e-31,
    3.41382454157865e-39,
    2.574848555203009e-38,
    1.484830489448393e-46,
    9.175842728291026e-22,
    5.291406759367885e-30,
    3.990999210243383e-29,
    2.301478002952532e-37,
    4.53546235745322e-39,
    2.615451995607203e-47,
    1.972682752165658e-46,
    1.1375812726949298e-54,
    4.05936409893603e-39,
    2.340901786123577e-47,
    1.7656055571869443e-46,
    1.0181666639589976e-54,
    6.919163135993546e-19
  ]
}