{
  "entropy": [
    2.0179569806623436,
    0.18725764441980564,
    0.012973268547858649,
    0.0007765911533373529,
    4.238657679738142e-05,
    2.1901392920329977e-06,
    1.091634926656634e-07,
    5.304650707418742e-09,
    2.529554395321126e-10,
    1.1887808487346628e-11,
    5.521265385395077e-13
  ],
  "timecost": [
    7.076920509338379,
    7.004362106323242,
    7.033888339996338,
    7.009881496429443,
    7.077537536621094,
    7.070574998855591,
    7.0591535568237305,
    7.083413124084473,
    6.965516805648804,
    7.078167915344238
  ],
  "cost": [
    22,
    23,
    22,
    23,
    22,
    23,
    25,
    25,
    25,
    23
  ],
  "prob": [
    0.9999999999999832,
    6.916997239019052e-33,
    5.926778301465764e-33,
    2.697497344399598e-32,
    2.3113307952276062e-32,
    6.863822579133853e-26,
    5.8812159845376e-26,
    2.676760238561166e-25,
    2.2935623583363583e-25,
    7.874066039386474e-33,
    6.746835676511343e-33,
    3.070735970668724e-32,
    2.631137571925766e-32,
    7.047506620887337e-33,
    6.0386043071537964e-33,
    2.7483935207090244e-32,
    2.3549408102318996e-32,
    1.688171561736506e-14
  ]
}