{
  "entropy": [
    2.0179569806623436,
    0.08177154400167727,
    0.0021857876303590464,
    4.828312870071071e-05,
    9.652338110937456e-07,
    1.8222925234021773e-08,
    3.315033204371075e-10,
    5.87571442408157e-12,
    1.0218650706250575e-13,
    1.7045940747883851e-15,
    2.893235745008251e-17
  ],
  "timecost": [
    0.7072203159332275,
    0.1771838665008545,
    0.22011089324951172,
    0.21759319305419922,
    0.21572351455688477,
    0.2093808650970459,
    0.21823596954345703,
    0.21297168731689453,
    0.21856260299682617,
    0.2253737449645996
  ],
  "cost": [
    28,
    30,
    28,
    28,
    28,
    28,
    28,
    28,
    28,
    28
  ],
  "prob": [
    1.0,
    4.924280627714753e-40,
    5.214906824024967e-41,
    2.1417978357053427e-47,
    2.2682046360719103e-48,
    6.175470733572515e-30,
    6.539940938544597e-31,
    2.6859983927775236e-37,
    2.844523374435713e-38,
    3.0524297201951693e-47,
    3.2325811181662163e-48,
    1.3276431346258745e-54,
    1.4059993258027248e-55,
    2.732008920837664e-47,
    2.89324939857971e-48,
    1.1882772807148711e-54,
    1.25840823635382e-55,
    6.919163135993551e-19
  ]
}