{
  "entropy": [
    2.0179569806623436,
    0.08193899207559013,
    0.0021868186268223454,
    4.828405135518826e-05,
    9.652309485651843e-07,
    1.822291670260502e-08,
    3.3150319137137393e-10,
    5.8756033623251535e-12,
    1.020754846764456e-13,
    1.7045940745779117e-15,
    2.893235744979889e-17
  ],
  "timecost": [
    7.195943832397461,
    7.280987501144409,
    7.178319931030273,
    7.1329896450042725,
    7.099691390991211,
    7.132636308670044,
    7.064426422119141,
    7.331467390060425,
    7.060179233551025,
    7.096773386001587
  ],
  "cost": [
    25,
    23,
    22,
    23,
    22,
    19,
    18,
    25,
    23,
    10
  ],
  "prob": [
    1.0,
    4.924280627714749e-40,
    4.219333703074735e-40,
    3.933299775022903e-40,
    3.3702190349684063e-40,
    7.632604277449176e-31,
    6.539940938544586e-31,
    6.096590133057051e-31,
    5.223818495936981e-31,
    5.605627632807355e-40,
    4.803140882116523e-40,
    4.4775299325732405e-40,
    3.8365386498696965e-40,
    5.017191582954647e-40,
    4.29894377294407e-40,
    4.0075129783252194e-40,
    3.4338080733640354e-40,
    6.91916313599354e-19
  ]
}