{
  "entropy": [
    2.1545366143765254,
    0.5406246313955989,
    0.41750387799302424,
    0.3476851284885013,
    0.0990860321112344,
    0.025522899960959897,
    0.006266372452451998,
    0.0014944488904747933,
    0.00034921070064187674,
    8.03519919567432e-05,
    1.8265332036899496e-05
  ],
  "timecost": [
    258.42072439193726,
    250.81317472457886,
    254.6454644203186,
    250.73795676231384,
    252.7692129611969,
    250.35742378234863,
    253.6833691596985,
    250.80579042434692,
    250.51190638542175,
    251.5356364250183
  ],
  "cost": [
    20,
    19,
    19,
    20,
    20,
    20,
    20,
    20,
    20,
    20
  ],
  "prob": [
    0.9999988599938622,
    6.544399657094115e-09,
    3.570990093481944e-08,
    1.1834920802161973e-09,
    6.457794015659092e-09,
    1.3309804297192701e-07,
    7.262572853407114e-07,
    2.406950797676283e-08,
    1.3133668333784136e-07,
    2.2408929649539232e-10,
    1.2227564020680594e-09,
    4.052440583698632e-11,
    2.2112379953943098e-10,
    4.557461093037227e-09,
    2.4868054011682568e-08,
    8.241732461519574e-10,
    4.4971497028473304e-09,
    2.3901886805188083e-10,
    1.3042204857450983e-09,
    4.322427605028723e-11,
    2.358557998611618e-10,
    4.861094254319478e-09,
    2.6524846181788158e-08,
    8.790823990914514e-10,
    4.796764719445323e-09,
    9.592521227618621e-12
  ]
}