{
  "entropy": [
    2.1545366143765254,
    0.9019209767237285,
    0.6750661650077476,
    0.6240602137676813,
    0.616730084966924,
    0.6158509246614818,
    0.6157536243226369,
    0.6157433522034971,
    0.6157423014982057,
    0.615742196439017,
    0.615742186112697
  ],
  "prob": [
    0.6840741438776529,
    0.00829382464157325,
    0.041261584833806014,
    0.004455255714349373,
    0.014321258623710554,
    0.022413104636735487,
    0.0845564737072696,
    0.008347339986896251,
    0.03354137142650057,
    0.0015903520281151903,
    0.004025384270001176,
    0.0008999821841791337,
    0.0020400403555370403,
    0.006258432352146484,
    0.022400591016938098,
    0.001440542328964319,
    0.005435047604260213,
    0.0013547748970873278,
    0.007757080297585288,
    0.0009432913039126548,
    0.00333498196813765,
    0.004966541214761578,
    0.025547475253020546,
    0.002552896409507886,
    0.008188229066953824,
    3.9772952077296146e-13
  ]
}