{
  "entropy": [
    2.1545366143765254,
    0.6271537917479946,
    0.4289180027495426,
    0.3799585015141895,
    0.3725487500150113,
    0.37164536841805945,
    0.37154457559322973,
    0.3715338806549303,
    0.3715327828387208,
    0.3715326727835891,
    0.37153266194463713
  ],
  "prob": [
    0.7444180925959594,
    0.0024163772313005195,
    0.01713999377523777,
    0.0006481921159962694,
    0.0036181966659631104,
    0.027821516527061455,
    0.12043421307447832,
    0.0027673748653023744,
    0.021573546429787944,
    1.68659872617707e-13,
    0.002384438567904032,
    1.3077808776942662e-14,
    8.926307667961351e-14,
    0.002318452804131784,
    0.02522509117953699,
    7.621009322593307e-14,
    7.373572868422904e-13,
    2.432663624834207e-13,
    0.008332650396766134,
    2.0947852493351932e-14,
    0.00031643824310015014,
    0.0024702003610582723,
    0.017845244613784964,
    9.53943765499385e-14,
    0.00026998055118640957,
    7.00452132751829e-23
  ]
}