{
  "entropy": [
    2.1545366143765254,
    0.08529524477369642,
    0.04218012010917182,
    0.004470621763697829,
    0.004422988515327788,
    0.0040700623942820004,
    0.0036996823574686967,
    0.00036321266847784346,
    0.00035991322269496935,
    0.00035929071176816986,
    0.003242497765794362
  ],
  "timecost": [
    97.31711959838867,
    66.38958811759949,
    111.6405200958252,
    59.780152320861816,
    29.18359923362732,
    92.72365689277649,
    66.978431224823,
    85.71487498283386,
    45.67611908912659,
    56.027018785476685
  ],
  "cost": [
    25,
    22,
    24,
    25,
    24,
    23,
    25,
    25,
    25,
    18
  ],
  "prob": [
    0.9996367356929229,
    9.410877963593898e-15,
    2.1154803937401307e-09,
    4.750764407518149e-19,
    1.0679289433209328e-13,
    1.6149640460083327e-09,
    0.00036302933574766823,
    8.152601424519938e-14,
    1.8326311889569424e-08,
    5.050638240202376e-18,
    1.1353378732946602e-12,
    2.5496444093341935e-22,
    5.73137042029586e-17,
    8.667203207687464e-13,
    1.948309023382805e-07,
    4.375345283521684e-17,
    9.835381139719658e-12,
    4.684459562956789e-19,
    1.0530242129416664e-13,
    2.364791451578266e-23,
    5.315837661959886e-18,
    8.038818267988728e-14,
    1.8070537627369006e-08,
    4.058126335694511e-18,
    9.122301587262057e-13,
    6.107808339006086e-22
  ]
}