{
  "entropy": [
    2.1545366143765254,
    0.268697968660266,
    0.19818701419527684,
    0.027992521042557207,
    0.003315141958055701,
    0.0003634590116776933,
    3.805896754237723e-05,
    3.89026685503145e-06,
    3.8878386480146036e-07,
    3.819526122338889e-08,
    3.7025121376326557e-09
  ],
  "timecost": [
    2993.8955295085907,
    3019.4084408283234,
    3035.8221323490143,
    3010.835113763809,
    3024.790406703949,
    2994.568074941635,
    3000.1687018871307,
    3017.1750938892365,
    3042.1757152080536,
    3010.4217715263367
  ],
  "cost": [
    25,
    25,
    25,
    25,
    25,
    23,
    23,
    25,
    25,
    24
  ],
  "prob": [
    0.9999999998429605,
    5.382655345284017e-19,
    1.0521498440661333e-14,
    2.7172520493026444e-23,
    5.311423705526706e-19,
    8.032143309898293e-15,
    1.5700463412413414e-10,
    4.0547567081804386e-19,
    7.925849538139148e-15,
    2.18432377472522e-24,
    4.269706625338128e-20,
    1.1026822028300252e-28,
    2.1554174163846502e-24,
    3.259506780270211e-20,
    6.371371248204721e-16,
    1.6454520882829738e-24,
    3.2163719336443487e-20,
    2.6793282628741e-23,
    5.237293924930315e-19,
    1.352568527247028e-27,
    2.643871237787061e-23,
    3.998165812440679e-19,
    7.815231082546742e-15,
    2.0183391932802557e-23,
    3.945255884426934e-19,
    1.7368512665239557e-31
  ]
}