{
  "entropy": [
    2.1545366143765254,
    0.9921721300375442,
    0.7933613228944947,
    0.7502179539033713,
    0.7440855764656608,
    0.7433530575067175,
    0.7432721622923295,
    0.7432636339394691,
    0.7432627624466831,
    0.743262675369462,
    0.7432626668153367
  ],
  "prob": [
    0.6914907881060575,
    0.013238451584652746,
    0.0411957678204628,
    0.006128148945181973,
    0.009924527734877352,
    0.030515355414281034,
    0.06432850441616464,
    0.014452133229937342,
    0.02480874349248298,
    0.002678733758535189,
    0.008623258174204913,
    0.000761072593424882,
    0.00302192996126442,
    0.004442285833233282,
    0.01605255823795767,
    0.002304805342677132,
    0.009352562233227144,
    0.004185831406767665,
    0.01215327402018369,
    0.001136878866057096,
    0.00237370075674968,
    0.00803267857311114,
    0.019128278653704783,
    0.0027030962198717244,
    0.006966634623701375,
    1.2299697977383688e-12
  ]
}