{
  "entropy": [
    2.1545366143765254,
    0.2990143069730675,
    0.0034188159498398443,
    0.000377195888098092,
    3.974494791191777e-05,
    3.983212741563364e-08,
    3.6765089398356783e-10,
    3.296968339407896e-12,
    2.882484202470834e-14,
    2.864591515626926e-14,
    2.402227424280121e-16
  ],
  "timecost": [
    0.9129641056060791,
    0.32950377464294434,
    0.38082313537597656,
    0.3743019104003906,
    0.9815378189086914,
    1.0233433246612549,
    1.0221352577209473,
    1.0626747608184814,
    2.1334922313690186,
    1.0439879894256592
  ],
  "cost": [
    30,
    29,
    30,
    30,
    29,
    29,
    29,
    29,
    28,
    29
  ],
  "prob": [
    1.0,
    3.5391832636668363e-22,
    5.231044245995516e-20,
    2.3628278693298786e-24,
    3.492347304256303e-22,
    3.9933947888903446e-20,
    5.902385741610401e-18,
    2.666068354609807e-22,
    3.9405479984562923e-20,
    1.899411978320213e-25,
    2.807401414323095e-23,
    1.2680845334536698e-27,
    1.874276014541858e-25,
    2.143178618086351e-23,
    3.167697557053259e-21,
    1.4308279030794561e-25,
    2.1148167562419282e-23,
    1.1583475467281486e-29,
    1.712080674482333e-27,
    7.733354454619195e-32,
    1.1430184963116857e-29,
    1.3070074964232063e-27,
    1.9318055987171442e-25,
    8.725837313019499e-30,
    1.2897111470987242e-27,
    3.989522697132223e-60
  ]
}