{
  "entropy": [
    2.1545366143765254,
    1.6353245033863268,
    0.9464094966966502,
    0.20052630251512868,
    0.00037725649404229576,
    4.0618448902897835e-07,
    3.860740458127635e-09,
    3.51974712424086e-11,
    3.113592856151605e-13,
    2.628819936776226e-15,
    2.247375711002033e-17
  ],
  "timecost": [
    0.14325189590454102,
    0.09991049766540527,
    0.08302688598632812,
    0.07492899894714355,
    0.07678461074829102,
    0.12822318077087402,
    0.13166093826293945,
    0.12922382354736328,
    0.13532376289367676,
    0.13506865501403809
  ],
  "cost": [
    20,
    20,
    20,
    20,
    20,
    20,
    20,
    20,
    20,
    20
  ],
  "prob": [
    1.0,
    3.0775506640581135e-23,
    4.548734126952613e-21,
    2.054632929852066e-25,
    3.0368237428315624e-23,
    3.472517207730729e-21,
    5.132509340530775e-19,
    2.318320308356351e-23,
    3.42656347691851e-21,
    1.89941197832021e-25,
    2.8074014143230926e-23,
    1.2680845334536684e-27,
    1.8742760145418557e-25,
    2.143178618086348e-23,
    3.1676975570532547e-21,
    1.4308279030794545e-25,
    2.1148167562419256e-23,
    2.025957098899702e-25,
    2.994439800173819e-23,
    1.3525685274594336e-27,
    1.999146493914743e-25,
    2.2859642800410447e-23,
    3.378740065941284e-21,
    1.5261543996954338e-25,
    2.255712856970341e-23,
    3.733244086613316e-43
  ]
}