{
  "entropy": [
    2.1545366143765254,
    1.2676875434904378,
    0.22692668146122863,
    0.0003772564940425179,
    4.060618195400554e-06,
    3.9832127415633654e-08,
    3.7024489647639434e-10,
    3.3217678466271297e-12,
    3.298911947399457e-12,
    3.296857317105435e-12,
    2.8826458757878604e-14
  ],
  "timecost": [
    0.34302759170532227,
    0.1757802963256836,
    0.17208576202392578,
    0.1699662208557129,
    0.32684850692749023,
    0.31113600730895996,
    0.31095075607299805,
    0.8013656139373779,
    0.8228867053985596,
    0.33693647384643555
  ],
  "cost": [
    25,
    24,
    24,
    24,
    23,
    23,
    23,
    25,
    25,
    23
  ],
  "prob": [
    0.9999999999999992,
    4.6805698661993943e-20,
    6.91805601532907e-18,
    3.124839857188766e-22,
    4.618629309878961e-20,
    5.281264608307481e-18,
    7.805905143279758e-16,
    3.5258753989714726e-20,
    5.21137472795845e-18,
    2.888768192527755e-22,
    4.2697066260086407e-20,
    1.9285980648163516e-24,
    2.85053953361635e-22,
    3.2595067807820823e-20,
    4.817672022083379e-18,
    2.1761103870959696e-22,
    3.216371934149445e-20,
    2.329850663734661e-24,
    3.4436057701998993e-22,
    1.555453806578351e-26,
    2.299018468001959e-24,
    2.6288589220472035e-22,
    3.885551075832482e-20,
    1.7550775596497515e-24,
    2.594069785515897e-22,
    9.228008424307008e-54
  ]
}