{
  "entropy": [
    2.1545366143765254,
    0.10678096030900082,
    0.00012121445770089549,
    4.6419006949674306e-05,
    0.003685834377996565,
    0.0036858343728667516,
    0.0003739662520760098,
    0.0033461525625445064,
    0.0003690703630816873,
    0.0003658713475882127,
    0.00036584023525685787
  ],
  "timecost": [
    114.51224565505981,
    93.71317172050476,
    46.72589349746704,
    61.972883462905884,
    49.75572323799133,
    63.39461898803711,
    57.819066286087036,
    91.36488938331604,
    110.82553887367249,
    78.32867693901062
  ],
  "cost": [
    20,
    20,
    18,
    20,
    19,
    20,
    20,
    19,
    19,
    19
  ],
  "prob": [
    0.9999679978950352,
    1.2450010456721049e-12,
    2.1161814270942824e-09,
    5.465189537305779e-18,
    9.289415968444437e-15,
    1.8578240995075116e-08,
    3.15782293344466e-05,
    8.155303054626565e-14,
    1.3861916756229972e-10,
    7.683934912228395e-15,
    1.306071220163586e-11,
    3.3730221218391806e-20,
    5.733269696621708e-17,
    1.146617467399682e-10,
    1.948954659056682e-07,
    5.033314476247591e-16,
    8.555339490184803e-13,
    8.195864120368296e-15,
    1.3930860131244957e-11,
    3.597744033671558e-20,
    6.115239123662688e-17,
    1.2230089229273904e-10,
    2.0788004772095216e-07,
    5.368650566880518e-16,
    9.125324559111964e-13,
    3.0376665061144086e-27
  ]
}