{
  "entropy": [
    2.1545366143765254,
    0.29146260017675557,
    0.20051998154217224,
    0.028645675436463007,
    0.003418136636240791,
    0.0003771894156331438,
    3.9744893681687874e-05,
    4.059990299042016e-06,
    4.055561097568817e-07,
    3.9832131879315644e-08,
    3.860740347105337e-09
  ],
  "timecost": [
    280.3828868865967,
    279.76287603378296,
    279.94661831855774,
    280.02080035209656,
    280.2548232078552,
    286.2014558315277,
    281.9872188568115,
    277.5980191230774,
    279.2231469154358,
    282.57197189331055
  ],
  "cost": [
    20,
    20,
    20,
    20,
    20,
    20,
    20,
    20,
    20,
    20
  ],
  "prob": [
    0.99999999983742,
    9.414297840445517e-15,
    1.3914681687697539e-12,
    6.285169105521278e-17,
    9.289713257312927e-15,
    1.062250952728166e-12,
    1.5700463412326434e-10,
    7.0917948247977415e-15,
    1.0481936014130972e-12,
    5.81034466611746e-17,
    8.587905109342658e-15,
    3.879099578836309e-19,
    5.733453178260016e-17,
    6.5560323901651675e-15,
    9.69005924705969e-13,
    4.3769352671673e-17,
    6.469272806373009e-15,
    6.197449083049954e-17,
    9.160059807739424e-15,
    4.1375380479765407e-19,
    6.115434829455795e-17,
    6.99281699445634e-15,
    1.033564310661082e-12,
    4.668541199673924e-17,
    6.900277199673772e-15,
    1.0686476972639592e-17
  ]
}