{
  "entropy": [
    2.1545366143765254,
    0.8673927616833563,
    0.6421377245413876,
    0.5861248789345498,
    0.5778788218527737,
    0.5768803194974299,
    0.5767692254439094,
    0.5767574572261295,
    0.5767562506342292,
    0.5767561297770203,
    0.5767561178819455
  ],
  "prob": [
    0.6543460156345275,
    0.01235601615087441,
    0.04077685843036101,
    0.0018430787449385951,
    0.009303954363245066,
    0.035915393643371124,
    0.1033862971592524,
    0.0036282234323656566,
    0.02803565715506463,
    5.078648719622804e-13,
    0.006089879787009879,
    5.2302198001778285e-14,
    4.696530618781966e-13,
    0.008456809951765181,
    0.03033772794811588,
    0.0008847566875728656,
    0.005203460117352552,
    0.001185971521629813,
    0.006156208056532114,
    5.831339600576938e-14,
    0.0011776362991714456,
    0.012549619254966404,
    0.032865157582888216,
    0.0009437021101653116,
    0.004557575967741604,
    2.2857717978652668e-23
  ]
}