{
  "entropy": [
    2.1545366143765254,
    1.4234294207605003,
    0.2737444217009099,
    0.08807774739978418,
    0.015923273385260887,
    0.002889767009614952,
    0.07179825456016699,
    0.3978431470808549,
    0.07156962562492859,
    0.3976837178497847,
    0.009197624680596938
  ],
  "timecost": [
    100.02757477760315,
    69.0740053653717,
    86.2768862247467,
    95.24149250984192,
    88.66702246665955,
    58.21824908256531,
    86.98017120361328,
    95.64380860328674,
    89.66212940216064,
    94.60633397102356
  ],
  "cost": [
    28,
    28,
    30,
    29,
    26,
    30,
    27,
    30,
    30,
    30
  ],
  "prob": [
    0.0011890406611211725,
    1.28730803695171e-16,
    4.401035428513565e-08,
    4.2728958971429475e-24,
    1.4608132386251689e-15,
    2.9215335483054244e-09,
    0.9988108737462538,
    9.697297269641771e-17,
    3.315301980525291e-08,
    3.434862841469013e-25,
    1.1743073626096653e-16,
    1.1401165005786621e-32,
    3.897818523343705e-24,
    7.795389088801171e-18,
    2.665079574901234e-09,
    2.587483733345239e-25,
    8.846062678300621e-17,
    3.6637047869810744e-25,
    1.2525436107195924e-16,
    1.216074840152781e-32,
    4.15750411060094e-24,
    8.314743743539535e-18,
    2.8426360081601607e-09,
    2.759870474489844e-25,
    9.435416689466375e-17,
    3.140890941813698e-31
  ]
}