{
  "entropy": [
    2.1545366143765254,
    0.2711225261842844,
    0.0003710695424776599,
    3.913227748618104e-05,
    3.927179615608535e-08,
    3.6213232063763586e-10,
    3.4409558180287095e-11,
    3.048031616404093e-13,
    2.5718201056939905e-15,
    2.1993049383726648e-17,
    2.1993048286960164e-17
  ],
  "timecost": [
    2.502514362335205,
    0.9231879711151123,
    1.7427093982696533,
    3.0295004844665527,
    3.0510549545288086,
    7.00454306602478,
    3.01351261138916,
    3.0391502380371094,
    3.085716962814331,
    3.9114456176757812
  ],
  "cost": [
    35,
    35,
    34,
    35,
    35,
    34,
    35,
    35,
    35,
    34
  ],
  "prob": [
    1.0,
    3.077550664058114e-23,
    4.548734126952616e-21,
    8.882745150436583e-32,
    1.3129027079454997e-29,
    3.472517207730728e-21,
    5.132509340530775e-19,
    1.0022738454646359e-29,
    1.4813979502145175e-27,
    7.140593167241619e-33,
    1.0554061775765221e-30,
    2.0609918812487957e-41,
    3.046222509054245e-39,
    8.057002257098421e-31,
    1.1908548429702073e-28,
    2.3254953545403675e-39,
    3.437168461532041e-37,
    7.616323147715266e-33,
    1.1257208347052379e-30,
    2.1983019904314424e-41,
    3.249171947680582e-39,
    8.593786448085494e-31,
    1.2701935390595153e-28,
    2.4804275616688104e-39,
    3.6661640150934412e-37,
    4.263394244165783e-77
  ]
}