{
  "entropy": [
    2.1545366143765254,
    0.2654476209299902,
    0.003418136636240789,
    0.0033773063913252856,
    0.0033468080008415436,
    0.0003631224055789176,
    0.0032772146506517513,
    0.000359347349182644,
    3.7920972249085124e-05,
    0.0003588416156248436,
    0.003238634299592123
  ],
  "timecost": [
    40.69374227523804,
    86.0693576335907,
    75.2757818698883,
    62.27518606185913,
    96.97339940071106,
    486.99529361724854,
    53.92484426498413,
    72.57255339622498,
    90.64957571029663,
    73.95216751098633
  ],
  "cost": [
    34,
    33,
    32,
    27,
    31,
    35,
    33,
    33,
    30,
    32
  ],
  "prob": [
    0.9996369656567068,
    7.115977412885781e-17,
    1.5996074710024885e-11,
    3.1237054330033156e-22,
    7.021807768522444e-17,
    1.614964417526535e-09,
    0.00036302941926160564,
    7.0892202608733104e-15,
    1.5935927048251262e-09,
    2.5110604090991764e-23,
    5.64463707158492e-18,
    1.1022818914937613e-28,
    2.477830165103244e-23,
    5.698828109841116e-16,
    1.2810451033688725e-10,
    2.501618441934258e-21,
    5.623412381930041e-16,
    3.0801089113860786e-22,
    6.923806724333668e-17,
    1.3520774986323088e-27,
    3.039348135465072e-22,
    6.99027836286747e-15,
    1.571351459517247e-09,
    3.06852723573212e-20,
    6.897772163193482e-15,
    1.312832310122998e-33
  ]
}