{
  "entropy": [
    2.524036208602731,
    1.303652492619836,
    1.1452800704765886,
    0.9201224967221698,
    0.8751929478663478,
    0.8071989034359613,
    0.19746181046725472,
    0.031427059584501725,
    0.005904163670800266,
    0.001310763845823249,
    0.00020463024685528973
  ],
  "timecost": [
    57.171189308166504,
    74.13209819793701,
    97.21298551559448,
    84.62856674194336,
    38.502970695495605,
    44.1642849445343,
    40.76611542701721,
    50.315704107284546,
    128.43711876869202,
    68.86014246940613
  ],
  "cost": [
    30,
    30,
    29,
    30,
    27,
    29,
    30,
    30,
    29,
    28
  ],
  "prob": [
    1.5894505902680221e-07,
    1.0637092411793692e-06,
    1.760520136375193e-12,
    1.1781942451126296e-11,
    0.9999844610462337,
    1.626622003614795e-06,
    2.453781479568054e-07,
    3.9914369694823933e-13,
    1.6519521759022693e-06,
    2.687143513640793e-12,
    2.3570656863686068e-07,
    3.8341144875403417e-13,
    5.783814001755015e-14,
    9.408225314048229e-20,
    3.893820295234738e-13,
    6.333872192097838e-19,
    1.0556585905398808e-05,
    1.7171841749226527e-11,
    2.5903957502534742e-12,
    4.213660201303612e-18,
    1.7439246044160792e-11,
    2.8367502143188486e-17,
    3.5194438013842706e-15
  ]
}