{
  "entropy": [
    2.5240362086027286,
    2.198171369920826,
    1.699701813302483,
    1.5447050798465134,
    1.5088893225512883,
    1.5017107260169675,
    1.5003690369071339,
    1.5001284927845777,
    1.500086567249594,
    1.5000794087423202,
    1.500078205531194
  ],
  "prob": [
    0.06688592581304055,
    0.0513893965612193,
    0.019586676407416292,
    0.01673556928547444,
    0.17775402536924056,
    0.06500318839002825,
    0.06975395461383252,
    0.02259913932327181,
    0.07627875645732693,
    0.02608466331816774,
    0.06600933494164775,
    0.026777276324764156,
    0.024906876799840272,
    0.008906438853030682,
    0.029388228094553576,
    0.010545135221650025,
    0.05471278009681324,
    0.016232581895296017,
    0.02251027894106258,
    0.006749038867832019,
    0.02177673313880273,
    0.005979958013904838,
    0.11343404327178373
  ]
}