{
  "entropy": [
    2.524036208602731,
    2.0097660922137415,
    0.44571135590098204,
    0.0736668829388649,
    0.010084398533879517,
    0.0018588522249337461,
    0.00021202324828090388,
    1.6379294046784358e-05,
    2.1039973940547736e-06,
    2.5298526956696974e-07,
    4.212307692424933e-08
  ],
  "timecost": [
    17.920917987823486,
    18.42106056213379,
    17.387633800506592,
    17.618802309036255,
    17.840815782546997,
    17.893080949783325,
    17.820871591567993,
    18.071948528289795,
    17.377898454666138,
    17.44855523109436
  ],
  "cost": [
    20,
    20,
    20,
    20,
    19,
    20,
    20,
    20,
    20,
    19
  ],
  "prob": [
    1.7692873719488905e-12,
    1.1840615489196426e-11,
    4.870630008017972e-24,
    3.259575466904335e-23,
    0.9999999981028295,
    1.2117524010495527e-10,
    8.18681413984557e-10,
    9.920391709724979e-20,
    8.235701867828113e-10,
    9.979631531602071e-20,
    1.1751000155447549e-10,
    1.4239302680111637e-20,
    9.620325441245964e-20,
    1.1657452474424085e-29,
    9.677773411267183e-20,
    1.1727065190164789e-29,
    2.6237535028017403e-12,
    3.179339612813935e-22,
    2.148018231695823e-21,
    2.6028662546937115e-31,
    2.1608451664739783e-21,
    2.6184093237387347e-31,
    1.3070664873573645e-22
  ]
}