{
  "entropy": [
    2.524036208602731,
    2.5487161682471258,
    1.162179251532554,
    0.5669405518827847,
    0.17453547011120185,
    0.0736980365346519,
    0.09997995759292622,
    0.09984388319135416,
    0.018233262503765214,
    0.026004262499445954,
    0.004395730398430596
  ],
  "timecost": [
    0.09481096267700195,
    0.10056734085083008,
    0.1121375560760498,
    0.08595514297485352,
    0.11361336708068848,
    0.08480620384216309,
    0.13062024116516113,
    0.11251592636108398,
    0.08473396301269531,
    0.11298894882202148
  ],
  "cost": [
    25,
    25,
    25,
    24,
    25,
    24,
    24,
    25,
    24,
    25
  ],
  "prob": [
    6.469223667146136e-05,
    6.469223667146136e-05,
    4.752547951285591e-09,
    4.752547951285591e-09,
    0.9995844246185175,
    2.601496781401357e-08,
    7.286085942798962e-05,
    1.896260952289155e-12,
    7.329594953941081e-05,
    1.9075845133271697e-12,
    6.998904876699634e-05,
    1.8215198298049855e-12,
    5.10158233573617e-09,
    1.327726773207446e-16,
    5.1320465389353286e-09,
    1.3356553207736822e-16,
    6.998904876699634e-05,
    1.8215198298049855e-12,
    5.10158233573617e-09,
    1.3277267732074467e-16,
    5.1320465389353286e-09,
    1.3356553207736822e-16,
    6.869376050946255e-12
  ]
}