{
  "entropy": [
    2.5240362086027286,
    2.204691009496834,
    1.7680436465982252,
    1.6204359745018297,
    1.5860548818892881,
    1.5791692138949713,
    1.5778835031089409,
    1.5776531548874055,
    1.577613026637884,
    1.5776061775988106,
    1.5776050267428123
  ],
  "prob": [
    0.08578675900063887,
    0.11045329920955876,
    0.03420722667078284,
    0.052278463302367593,
    0.10486475951310398,
    0.05910462433811906,
    0.05881962327638929,
    0.028233859367272397,
    0.06108481166289396,
    0.02903382791914595,
    0.03219119329813149,
    0.02198153853943344,
    0.017691760389907524,
    0.011670859876542006,
    0.020767516616648333,
    0.012353198977319756,
    0.026567987871940563,
    0.01772747229493198,
    0.015143315486224768,
    0.008937755131695688,
    0.018438669795722156,
    0.01007566107614253,
    0.16258581638508698
  ]
}