{
  "entropy": [
    2.5240362086027286,
    2.216820529618671,
    1.7358201277649092,
    1.5726570432156084,
    1.5333435293471027,
    1.5253129826249643,
    1.5237962578100146,
    1.5235224858375616,
    1.523474540218688,
    1.5234663245694353,
    1.5234649398482576
  ],
  "prob": [
    0.1019585248854474,
    0.08142408952601075,
    0.03850233217787304,
    0.0213997943237794,
    0.15523572051998796,
    0.05719229009179014,
    0.07477434265849686,
    0.022103579665608008,
    0.07293537377521839,
    0.022543268488757363,
    0.06267810237905536,
    0.021484696355587966,
    0.025112710037082556,
    0.007802539500838721,
    0.01963322323691622,
    0.007106580743787896,
    0.05522013961127309,
    0.01269724039309788,
    0.018558200483111992,
    0.0046335015263915475,
    0.019096931679485188,
    0.0027193928587663937,
    0.09518742508163588
  ]
}