{
  "entropy": [
    2.5240362086027286,
    2.1721533355382525,
    1.565020150080069,
    1.3713111663568072,
    1.3262868835115569,
    1.3172357524905383,
    1.3155408563308553,
    1.3152365937295882,
    1.3151835131134313,
    1.315174443628449,
    1.3151729183909007
  ],
  "prob": [
    0.06528354512060286,
    0.0866130062389065,
    0.013692430106445018,
    0.01976192545840135,
    0.2477434401004907,
    0.06091485518366347,
    0.07404880175186189,
    0.020206433980013098,
    0.06686367703191101,
    0.013434009421122193,
    0.09910145736470129,
    0.020564705498938143,
    0.014860292079806447,
    0.0016392005763138254,
    0.015276675388452354,
    0.0033518537859122395,
    0.09315630821416802,
    0.02339055337472391,
    0.016144870071520545,
    0.003632061685373755,
    0.011688032592510132,
    0.0029546056077413927,
    0.025677259366419847
  ]
}