{
  "entropy": [
    2.524036208602731,
    2.0267472702417844,
    1.3574301151107833,
    1.012852204926084,
    1.1953745530492401,
    1.1597362027129308,
    0.6883372326119604,
    0.21294611577531472,
    0.049109182912031736,
    0.024479956288858278,
    0.006447521739070578
  ],
  "timecost": [
    0.5177443027496338,
    0.25615549087524414,
    0.26183152198791504,
    0.41191959381103516,
    0.4388918876647949,
    0.4153480529785156,
    0.3487060070037842,
    0.35268235206604004,
    0.4887866973876953,
    0.5260610580444336
  ],
  "cost": [
    33,
    33,
    33,
    35,
    34,
    35,
    35,
    35,
    34,
    34
  ],
  "prob": [
    0.0003186198709215349,
    4.7609865769884526e-05,
    2.3617978476133667e-08,
    3.529123220571697e-09,
    0.9993450729259201,
    5.423519000574986e-09,
    7.349974109680507e-05,
    3.988884852443895e-13,
    7.39386463031709e-05,
    4.01270455987696e-13,
    7.060274891582946e-05,
    3.831662962190946e-13,
    5.19268459576512e-09,
    2.8181080121473547e-17,
    5.223692817972264e-09,
    2.8349364017467646e-17,
    7.060274891582943e-05,
    3.831662962190946e-13,
    5.192684595765123e-09,
    2.8181080121473547e-17,
    5.223692817972264e-09,
    2.8349364017467664e-17,
    4.721453974403233e-11
  ]
}