{
  "entropy": [
    2.524036208602731,
    1.0156546655685432,
    0.4782654020025956,
    0.9284487619857805,
    1.0208752873899074,
    0.1525503962967256,
    0.013485919639921726,
    0.004555356274055532,
    0.0002989340018154093,
    1.252166726407859e-05,
    1.6445076826649035e-06
  ],
  "timecost": [
    62.270700454711914,
    107.83064126968384,
    68.99301934242249,
    52.41100764274597,
    71.30529308319092,
    131.70596075057983,
    34.18642520904541,
    108.36962413787842,
    67.34145903587341,
    43.203861236572266
  ],
  "cost": [
    34,
    35,
    33,
    27,
    35,
    33,
    33,
    33,
    34,
    28
  ],
  "prob": [
    2.643762509347469e-13,
    1.7692872177940755e-12,
    1.459865358544137e-21,
    9.769868168718453e-21,
    0.9999999109746354,
    3.631964141215462e-08,
    3.666626676065433e-08,
    1.331705779224962e-15,
    5.511584615947436e-09,
    2.0017879468494902e-16,
    5.262917895095367e-09,
    1.911473077484341e-16,
    1.929715686603524e-16,
    7.008658800433376e-24,
    2.900701988796261e-17,
    1.0535246545564557e-24,
    5.262917895095367e-09,
    1.9114730774843394e-16,
    1.929715686603524e-16,
    7.008658800433376e-24,
    2.900701988796261e-17,
    1.053524654556456e-24,
    3.917647374294135e-20
  ]
}