{
  "entropy": [
    2.524036208602731,
    2.328461024731786,
    1.789409275610247,
    1.208836455917697,
    0.5296038817688279,
    0.8022830672074602,
    0.40987224931332306,
    0.10943035333437173,
    0.10727472043553986,
    0.06274096110070634,
    0.14446234982417416
  ],
  "timecost": [
    61.66257190704346,
    77.3253743648529,
    56.27620196342468,
    54.357563972473145,
    50.2963330745697,
    38.59330224990845,
    336.02210783958435,
    61.20959711074829,
    44.71538281440735,
    73.74933743476868
  ],
  "cost": [
    18,
    20,
    20,
    17,
    20,
    18,
    20,
    19,
    19,
    18
  ],
  "prob": [
    0.021708977527527425,
    0.9722795911589062,
    1.6091970739335282e-06,
    7.207108078463238e-05,
    0.00507227143098994,
    2.4729969345571194e-06,
    0.0007483011638566803,
    3.648358550050881e-07,
    0.00011248282269177606,
    5.4841244103690425e-08,
    3.5835100004707217e-07,
    1.7471480709756314e-10,
    5.286674304653577e-08,
    2.5775295205088416e-11,
    7.946801063019729e-09,
    3.8744800895932245e-12,
    3.5835100004707217e-07,
    1.7471480709756314e-10,
    5.2866743046535746e-08,
    2.5775295205088407e-11,
    7.946801063019724e-09,
    3.8744800895932245e-12,
    9.642063185173108e-07
  ]
}