{
  "entropy": [
    2.524036208602731,
    2.7098293351733367,
    1.5550253092073825,
    1.1316510642268127,
    1.1070447385292634,
    1.1003609230688853,
    0.5971485600720565,
    0.31299740881838056,
    0.3023111788569765,
    0.2937231321566638,
    0.29146274356629304
  ],
  "timecost": [
    0.5537300109863281,
    0.06932926177978516,
    0.0637049674987793,
    0.05442976951599121,
    0.054024696350097656,
    0.05961251258850098,
    0.06550335884094238,
    0.06587409973144531,
    0.0662999153137207,
    0.06563758850097656
  ],
  "cost": [
    19,
    20,
    18,
    20,
    20,
    18,
    20,
    20,
    20,
    20
  ],
  "prob": [
    0.03463240416932999,
    0.007093383986489276,
    0.0002961041504412702,
    6.064783804218788e-05,
    0.9417448867453311,
    1.1966475455946176e-07,
    0.007989058349196701,
    1.0151461611029362e-09,
    6.905478316574122e-05,
    8.774588314722527e-12,
    0.00032193860097882987,
    4.090779170831442e-11,
    2.731085991841598e-06,
    3.4703106912953893e-13,
    2.3606605776333828e-08,
    2.9996220058807376e-15,
    0.007674169626792936,
    9.751341767424839e-10,
    6.510190795085381e-05,
    8.272308080392363e-12,
    5.627194020524695e-07,
    7.15031003408733e-14,
    4.981071687033578e-05
  ]
}