{
  "entropy": [
    2.524036208602731,
    1.6036325560746445,
    0.26968411568017675,
    0.020932760811016603,
    0.002025090893877191,
    0.0001188598200385444,
    1.0311240940712038e-05,
    6.243680865888747e-07,
    5.770836659733891e-08,
    9.547634173757988e-09,
    7.511632149780394e-10
  ],
  "timecost": [
    176.8625090122223,
    174.65629124641418,
    182.30890727043152,
    174.02616786956787,
    177.11918926239014,
    171.9467875957489,
    177.84319400787354,
    176.9137086868286,
    177.18992924690247,
    174.02548623085022
  ],
  "cost": [
    25,
    25,
    23,
    25,
    25,
    25,
    23,
    25,
    25,
    25
  ],
  "prob": [
    1.3180105211034746e-16,
    8.820531948923253e-16,
    3.628320473399859e-28,
    2.4281837014291352e-27,
    0.9999999999716316,
    2.705590648171216e-12,
    2.731412111843651e-12,
    7.390083066315424e-24,
    2.747722795102249e-12,
    7.43421309840642e-24,
    1.7558965782333574e-11,
    4.7507373613587765e-23,
    4.7960771810674787e-23,
    1.297622156937166e-34,
    4.8247170539907116e-23,
    1.305370934171977e-34,
    2.623753507705016e-12,
    7.098802953754501e-24,
    7.166552109641059e-24,
    1.938975636802662e-35,
    7.209347322055088e-24,
    1.9505542694523788e-35,
    9.736843259222295e-27
  ]
}