{
  "entropy": [
    2.524036208602731,
    2.6306019599646158,
    1.3147563710210448,
    0.25693455799281695,
    0.05926011780764925,
    0.014545583305486562,
    0.003916653282787727,
    0.00191151870150787,
    0.0015431035741022222,
    0.00027536860571371455,
    3.508985668372635e-05
  ],
  "timecost": [
    58.12885236740112,
    54.62435245513916,
    58.15103793144226,
    70.95503997802734,
    63.93552851676941,
    61.34213185310364,
    129.0499861240387,
    59.752187967300415,
    67.48834300041199,
    65.10175013542175
  ],
  "cost": [
    25,
    22,
    23,
    24,
    23,
    24,
    24,
    28,
    22,
    22
  ],
  "prob": [
    5.303041963358012e-10,
    1.1840587816191099e-11,
    8.776939974859271e-16,
    1.9597078289750518e-17,
    0.999997660977256,
    2.4306166871502236e-07,
    2.4538138698176364e-07,
    5.96429488976082e-14,
    3.688513713045377e-08,
    8.965383951947503e-15,
    2.357096799956555e-07,
    5.729212215960476e-14,
    5.783890348887237e-14,
    1.4058453281694433e-20,
    8.694204205556507e-15,
    2.113232725251139e-21,
    1.5774417045863086e-06,
    3.8341650983735473e-13,
    3.8707573873322276e-13,
    9.408349503903196e-20,
    5.818428968333968e-14,
    1.4142403622834542e-20,
    7.858288462018062e-17
  ]
}