{
  "entropy": [
    2.0179569806623436,
    0.418662241813891,
    0.3702272014014998,
    0.3666389345880608,
    0.3662518230567781,
    0.36620919710083205,
    0.36620462886066213,
    0.366204150857071,
    0.36620410174927226,
    0.366204096775558,
    0.36620409627750733,
    0.3662040962280949,
    0.3662040962232303,
    0.3662040962227545,
    0.3662040962227082,
    0.3662040962227038,
    0.36620409622270333,
    0.3662040962227033,
    0.3662040962227033,
    0.3662040962227033,
    0.3662040962227033
  ],
  "timecost": 0,
  "prob": [
    0.3333333333333334,
    4.1635071110758175e-44,
    3.567470500743188e-44,
    4.5294836606525855e-65,
    3.881054820343769e-65,
    3.941312887133819e-23,
    3.377085011250466e-23,
    4.287758336307769e-44,
    3.673934250863131e-44,
    6.45529205064359e-65,
    5.53116960052519e-65,
    7.022718849296119e-86,
    6.017365087051207e-86,
    5.777664708310832e-65,
    4.950549587210388e-65,
    6.285527367878292e-86,
    5.385707978465719e-86,
    6.183423804174365e-43
  ]
}