{
  "entropy": [
    2.0179569806623436,
    0.04974685119757438,
    0.0007123028671739986,
    8.475355389340578e-06,
    9.107751111090552e-08,
    9.234665444514373e-10,
    9.018120180290755e-12,
    8.574764636254668e-14,
    7.799761819081175e-16,
    7.18871683041474e-18,
    6.543745203617627e-20,
    5.897074022670519e-22,
    5.270388787733478e-24,
    4.677591301815169e-26,
    4.126904984302467e-28,
    3.62247341421566e-30,
    3.165566518359391e-32,
    2.7554840150173134e-34,
    2.3902261481261222e-36,
    2.0669863201284986e-38,
    1.7825080936416495e-40
  ],
  "timecost": 1785.5654842853546,
  "prob": [
    1.0,
    1.9171220016907392e-111,
    2.2152592625931496e-108,
    3.3993348775300537e-103,
    3.9279754066059554e-100,
    6.00241852107813e-78,
    6.935872216297273e-75,
    1.0643157091848347e-69,
    1.229830564260272e-66,
    4.844635957740427e-103,
    5.598039493475898e-100,
    8.590240978695874e-95,
    9.926134528308995e-92,
    5.2927340801187545e-101,
    6.115822668085414e-98,
    9.384783827097297e-93,
    1.0844239063594762e-89,
    1.855027141252304e-42
  ]
}