{
  "entropy": [
    2.0179569806623436,
    0.049749981869701455,
    0.0007123050109495532,
    8.475355408715273e-06,
    9.107752397507204e-08,
    9.234665455268117e-10,
    9.018120180378155e-12,
    8.57476463626294e-14,
    7.799761819123783e-16,
    7.188716830477893e-18,
    6.543745203618105e-20,
    5.897074022670538e-22,
    5.270388787733483e-24,
    4.6775913018151874e-26,
    4.126904984302471e-28,
    3.6224734142156736e-30,
    3.1655665183594027e-32,
    2.7554840150173146e-34,
    2.3902261481261232e-36,
    2.0669863201285e-38,
    1.7825080936416497e-40
  ],
  "timecost": 219.80209803581238,
  "prob": [
    1.0,
    1.0437605719554553e-93,
    1.206078837400377e-90,
    6.830187929402826e-96,
    7.892370471215494e-93,
    2.6772869611669917e-62,
    3.0936397026973303e-59,
    1.751970095158068e-64,
    2.024424099072641e-61,
    1.6023451412124453e-90,
    1.8515305300401045e-87,
    1.0485468350028448e-92,
    1.2116094262411407e-89,
    1.2980794187593786e-91,
    1.4999475533910863e-88,
    8.494406299335591e-94,
    9.815396317103201e-91,
    1.8550271412523042e-42
  ]
}