{
  "entropy": [
    2.0179569806623436,
    0.4852918188133908,
    0.3824810077671651,
    0.36825871163210194,
    0.36644367119287946,
    0.3662306438882219,
    0.36620693940899857,
    0.36620439341960676,
    0.3662041267299474,
    0.36620409931048814,
    0.3662040965317386,
    0.36620409625334965,
    0.36620409622571926,
    0.36620409622299815,
    0.366204096222732,
    0.36620409622270605,
    0.36620409622270356,
    0.3662040962227033,
    0.3662040962227033,
    0.3662040962227033,
    0.3662040962227033
  ],
  "timecost": 0,
  "prob": [
    0.3333333333333334,
    4.1635071110758066e-44,
    3.5674705007431795e-44,
    3.32562719742896e-44,
    2.849539248230433e-44,
    5.368043759563147e-44,
    4.599568884605987e-44,
    4.287758336307778e-44,
    3.673934250863139e-44,
    6.455292050643568e-65,
    5.53116960052517e-65,
    5.156204670302612e-65,
    4.418056116240379e-65,
    5.777664708310813e-65,
    4.950549587210372e-65,
    4.61494561651394e-65,
    3.9542822697842045e-65,
    4.539979370061177e-22
  ]
}