{
  "entropy": [
    2.0179569806623436,
    0.0536575493264555,
    0.0007134819579406746,
    8.505157645340843e-06,
    9.286153064621103e-08,
    1.0885599336688406e-09,
    2.5151956445114618e-11,
    1.0353657841189748e-12,
    2.3177994302133796e-14,
    9.139355031885636e-16,
    2.0024975136787403e-17,
    8.036327311843049e-19,
    1.7319738857543194e-20,
    6.8929180909817425e-22,
    1.467512376136354e-23,
    5.803694168947954e-25,
    1.2240525325641654e-26,
    4.81703446160181e-28,
    1.0084059621708554e-29,
    3.952688424988645e-31,
    8.224599246820625e-33
  ],
  "timecost": 1.9831733703613281,
  "prob": [
    1.0,
    6.868044583673785e-50,
    5.884833578130783e-50,
    1.1132365724216478e-66,
    9.538685839872383e-67,
    3.574927581319873e-35,
    3.063150451869038e-35,
    5.794575266364005e-52,
    4.965039274725342e-52,
    1.436029693947017e-67,
    1.230451500303434e-67,
    2.3276505487245306e-84,
    1.9944302836720297e-84,
    1.2852862454111426e-67,
    1.1012880831445091e-67,
    2.08331154084737e-84,
    1.7850701986456845e-84,
    3.727253843876151e-35
  ]
}