{
  "entropy": [
    2.0179569806623436,
    0.048642270714387606,
    0.0007121626467474163,
    8.47535541105992e-06,
    9.107751111108728e-08,
    9.234666554737414e-10,
    9.01812018075804e-12,
    8.574764636261448e-14,
    7.799761819093825e-16,
    7.188716830418239e-18,
    6.543745203617652e-20,
    5.897074022670524e-22,
    5.270388787733483e-24,
    4.677591301815172e-26,
    4.126904984302471e-28,
    3.622473414215663e-30,
    3.165566518359394e-32,
    2.7554840150173155e-34,
    2.3902261481261235e-36,
    2.0669863201284997e-38,
    1.78250809364165e-40
  ],
  "timecost": 113.22609853744507,
  "prob": [
    1.0,
    1.7181342836437125e-88,
    9.880825068292215e-93,
    1.1243172390820384e-90,
    6.465840339950164e-95,
    2.677286961166988e-62,
    1.5396819895130124e-66,
    1.7519700951580655e-64,
    1.0075411567030843e-68,
    1.9558635555944155e-88,
    1.1247983253842084e-92,
    1.2798831463764076e-90,
    7.36048491528918e-95,
    1.5844690148949846e-89,
    9.112128959504054e-94,
    1.0368490083672542e-91,
    5.962818955094878e-96,
    1.8550271412523045e-42
  ]
}