{
  "entropy": [
    2.0179569806623436,
    0.04860351098306903,
    0.0007121581832369653,
    8.475498656049483e-06,
    9.107842923450127e-08,
    9.234746986845885e-10,
    9.018303276087085e-12,
    8.574830576037123e-14,
    7.799821517751952e-16,
    7.188770392427428e-18,
    6.543792897219028e-20,
    5.897116219422981e-22,
    5.270425916585093e-24,
    4.6776238162308374e-26,
    4.126933339388739e-28,
    3.622498051312754e-30,
    3.165587855149422e-32,
    2.755502439658089e-34,
    2.390242016278455e-36,
    2.0669999540226868e-38,
    1.782519782543093e-40
  ],
  "timecost": 4.6467063426971436,
  "prob": [
    1.0,
    1.0334738285265767e-69,
    1.4721707468468077e-88,
    1.516221321837569e-87,
    2.1598386085277255e-106,
    1.0808671778213319e-47,
    1.5396819895130055e-66,
    1.585752648834444e-65,
    2.258885127915823e-84,
    2.160875759614556e-87,
    3.0781409195531553e-106,
    3.170245641576283e-105,
    4.515975891233888e-124,
    1.934043497555571e-87,
    2.755021154517194e-106,
    2.8374574250572313e-105,
    4.041923173369543e-124,
    1.8550271412523058e-42
  ]
}