{
  "entropy": [
    2.0179569806623436,
    0.04992964609123335,
    0.0007123071165839247,
    8.475355429764563e-06,
    9.107751111123581e-08,
    9.234666554737425e-10,
    9.018120180363082e-12,
    8.574764636255384e-14,
    7.799761819081804e-16,
    7.188716830415288e-18,
    6.54374520361763e-20,
    5.897074022670542e-22,
    5.270388787733484e-24,
    4.6775913018151725e-26,
    4.126904984302471e-28,
    3.622473414215663e-30,
    3.165566518359394e-32,
    2.755484015017316e-34,
    2.3902261481261242e-36,
    2.0669863201285002e-38,
    1.7825080936416507e-40
  ],
  "timecost": 830.4984426498413,
  "prob": [
    1.0,
    5.194720486042486e-101,
    6.631751394279775e-97,
    8.337102478977533e-94,
    1.064341982167634e-89,
    1.2060490656831277e-70,
    1.5396819895130137e-66,
    1.9356103340481296e-63,
    2.4710639515823717e-59,
    1.3127244711029091e-92,
    1.6758673281715246e-88,
    2.1068156547888315e-85,
    2.689630307092911e-81,
    1.298079418759379e-91,
    1.6571709716381055e-87,
    2.0833115408473666e-84,
    2.6596241805224027e-80,
    1.855027141252305e-42
  ]
}