{
  "entropy": [
    2.0179569806623436,
    0.05365008912389729,
    0.0007135249311782543,
    8.476099314124302e-06,
    9.107764674407911e-08,
    9.234666061239527e-10,
    9.01812019023246e-12,
    8.574764637239294e-14,
    7.799761820584137e-16,
    7.188716838848103e-18,
    6.543745203726473e-20,
    5.897074022674918e-22,
    5.27038878773355e-24,
    4.6775913018151794e-26,
    4.126904984302498e-28,
    3.622473414215678e-30,
    3.165566518359396e-32,
    2.755484015017331e-34,
    2.3902261481261375e-36,
    2.0669863201285018e-38,
    1.7825080936416521e-40
  ],
  "timecost": 66.25401210784912,
  "prob": [
    1.0,
    1.8982278772304675e-87,
    1.9853263813486682e-85,
    1.5162213218375697e-87,
    1.585791793659345e-85,
    3.2679650972401674e-60,
    3.417912779968014e-58,
    2.6103074445866137e-60,
    2.7300790886759483e-58,
    3.2195470103841723e-83,
    3.367273072100125e-81,
    2.571633196602882e-83,
    2.6896303070929133e-81,
    2.136768538865613e-86,
    2.2348122698709544e-84,
    1.7067571587804686e-86,
    1.7850701986456815e-84,
    1.8550271412523058e-42
  ]
}