{
  "entropy": [
    2.0179569806623436,
    0.3411848022781211,
    0.006237265836826926,
    7.919571635081522e-05,
    8.874545802172198e-07,
    9.223878461860386e-09,
    9.161098851509786e-11,
    8.819431909244958e-13,
    8.189768462864662e-15,
    7.500998754352586e-17,
    6.868173194479423e-19,
    6.219055617873489e-21,
    5.580209338646336e-23,
    4.969127924140219e-25,
    4.3966454608920004e-27,
    3.868772510215635e-29,
    3.3880858214525325e-31,
    2.954773273510658e-33,
    2.5674132605123417e-35,
    2.2235503758922104e-37,
    1.9201155708706854e-39
  ],
  "timecost": 43.75753355026245,
  "prob": [
    1.0,
    3.452198876552944e-81,
    2.957991262231601e-81,
    2.4958519268074957e-82,
    2.138552399591818e-82,
    4.869029240596476e-56,
    4.171991957663704e-56,
    3.5201842206608454e-57,
    3.0162440051998116e-57,
    5.855206693346967e-77,
    5.016990867795594e-77,
    4.2331654200751394e-78,
    3.6271567113961427e-78,
    4.743374636169064e-78,
    4.0643257323833697e-78,
    3.42933913965973e-79,
    2.93840406450487e-79,
    2.049469745214896e-41
  ]
}