{
  "entropy": [
    2.0179569806623436,
    0.04850071520375093,
    0.0007121559136391639,
    8.475355387646001e-06,
    9.107752459490967e-08,
    9.234666681931895e-10,
    9.018120191382035e-12,
    8.574764637194502e-14,
    7.799761819158998e-16,
    7.18871683042066e-18,
    6.543745203618148e-20,
    5.897074022670564e-22,
    5.270388787733485e-24,
    4.677591301815171e-26,
    4.12690498430247e-28,
    3.6224734142156624e-30,
    3.1655665183593934e-32,
    2.7554840150173155e-34,
    2.3902261481261242e-36,
    2.0669863201285002e-38,
    1.7825080936416507e-40
  ],
  "timecost": 8.27517557144165,
  "prob": [
    1.0,
    1.718134283643714e-88,
    1.472170746846807e-88,
    2.520694537910805e-106,
    2.1598386085277243e-106,
    1.796924995118337e-66,
    1.5396819895130097e-66,
    2.6362892955167073e-84,
    2.258885127915829e-84,
    3.251592963691237e-107,
    2.786103558592284e-107,
    4.770449377043774e-125,
    4.0875245253261894e-125,
    2.910265525513697e-107,
    2.493639649126788e-107,
    4.26968397282371e-125,
    3.6584473652090706e-125,
    1.855027141252305e-42
  ]
}