{
  "entropy": [
    2.0179569806623436,
    0.05409119857335738,
    0.0007149551255588019,
    8.770444854773241e-06,
    1.209041512120258e-07,
    3.906977888151281e-09,
    1.20705864457594e-10,
    3.726122461855262e-12,
    1.1266899318746845e-13,
    3.292469332212962e-15,
    9.815241780911015e-17,
    2.8972995304170643e-18,
    8.544428045180456e-20,
    2.486445898976025e-21,
    7.274813884012851e-23,
    2.09441697489526e-24,
    6.090680807354396e-26,
    1.738930034274813e-27,
    5.032661038896446e-29,
    1.4272857819099227e-30,
    4.1146711455597797e-32
  ],
  "timecost": 1.1798603534698486,
  "prob": [
    1.0,
    8.383311281638659e-48,
    7.183178723589524e-48,
    6.696222021229286e-48,
    5.737608676976607e-48,
    3.5749275813198694e-35,
    3.063150451869033e-35,
    2.8554956377159473e-35,
    2.4467104728735013e-35,
    1.5865532883727885e-66,
    1.3594265370822276e-66,
    1.2672693057126926e-66,
    1.0858504006395595e-66,
    1.4200090205325507e-66,
    1.2167243039078487e-66,
    1.134241036052244e-66,
    9.71866104439827e-67,
    4.117941897390882e-34
  ]
}