{
  "entropy": [
    2.0179569806623436,
    0.3849800437560163,
    0.366469910741738,
    0.3662072258510966,
    0.3662041296976724,
    0.36620409656117775,
    0.3662040962260025,
    0.36620409622273464,
    0.36620409622270356,
    0.3662040962227033,
    0.3662040962227033,
    0.3662040962227033,
    0.3662040962227033,
    0.3662040962227033,
    0.3662040962227033,
    0.3662040962227033,
    0.3662040962227033,
    0.3662040962227033,
    0.3662040962227033,
    0.3662040962227033,
    0.3662040962227033
  ],
  "timecost": 0,
  "prob": [
    0.3333333333333334,
    5.670670917416155e-65,
    6.617754604495556e-86,
    6.169128712917563e-86,
    7.199462028425749e-107,
    5.368043759563132e-44,
    6.264584354185909e-65,
    5.839900317193518e-65,
    6.815247750527557e-86,
    8.792067821292525e-86,
    1.0260469731843849e-106,
    9.564899609263222e-107,
    1.1162375555304034e-127,
    7.869143574858508e-86,
    9.183403848390642e-107,
    8.560849374036718e-107,
    9.990634474912972e-128,
    6.1834238041743534e-43
  ]
}