{
  "entropy": [
    2.0179569806623436,
    0.05360313905677838,
    0.0007134805633628112,
    8.475622498850443e-06,
    9.107764663210823e-08,
    9.234665673836161e-10,
    9.01812019023246e-12,
    8.574764636413723e-14,
    7.799761819221871e-16,
    7.188716830538518e-18,
    6.543745203622673e-20,
    5.8970740226706e-22,
    5.270388787733517e-24,
    4.6775913018151765e-26,
    4.126904984302474e-28,
    3.622473414215684e-30,
    3.1655665183593967e-32,
    2.755484015017331e-34,
    2.3902261481261315e-36,
    2.0669863201285114e-38,
    1.7825080936416527e-40
  ],
  "timecost": 289.8327901363373,
  "prob": [
    1.0,
    1.7181342836437178e-88,
    1.4721707468468096e-88,
    1.8507386138752712e-85,
    1.5857917936593462e-85,
    2.9579182450483526e-61,
    2.5344705320062324e-61,
    3.186208182277535e-58,
    2.7300790886759507e-58,
    2.387377194658496e-86,
    2.045606621743108e-86,
    2.5716331966028837e-83,
    2.2034850242497014e-83,
    3.18362901271791e-82,
    2.7278691461743664e-82,
    3.429339139659735e-79,
    2.9384040645048754e-79,
    1.8550271412523064e-42
  ]
}