{
  "entropy": [
    2.0179569806623436,
    0.3828448384937161,
    0.3664441949307177,
    0.36620693996099596,
    0.36620412673047437,
    0.3662040965317391,
    0.36620409622571926,
    0.366204096222732,
    0.36620409622270356,
    0.3662040962227033,
    0.3662040962227033,
    0.3662040962227033,
    0.3662040962227033,
    0.3662040962227033,
    0.3662040962227033,
    0.3662040962227033,
    0.3662040962227033,
    0.3662040962227033,
    0.3662040962227033,
    0.3662040962227033,
    0.3662040962227033
  ],
  "timecost": 0,
  "prob": [
    0.3333333333333334,
    7.723418693842602e-86,
    6.617754604495551e-86,
    8.402315126369357e-107,
    7.199462028425749e-107,
    7.3112423778006695e-65,
    6.264584354185936e-65,
    7.953908088981697e-86,
    6.81524775052758e-86,
    1.1974741958654092e-106,
    1.0260469731843876e-106,
    1.3027334070828434e-127,
    1.1162375555304001e-127,
    1.0717724846972132e-106,
    9.183403848390623e-107,
    1.1659823864498375e-127,
    9.990634474912974e-128,
    6.183423804174353e-43
  ]
}