{
  "entropy": [
    2.0179569806623436,
    0.05409119857335738,
    0.0007149551255588019,
    8.483079736202389e-06,
    9.10803532603969e-08,
    9.234734495458252e-10,
    9.018233413062413e-12,
    8.574765632117576e-14,
    7.799762711792847e-16,
    7.188717624729344e-18,
    6.543745271580736e-20,
    5.897074028076706e-22,
    5.270388788186662e-24,
    4.67759130185061e-26,
    4.126904984305401e-28,
    3.62247341421589e-30,
    3.1655665183594153e-32,
    2.755484015017318e-34,
    2.3902261481261315e-36,
    2.0669863201285015e-38,
    1.7825080936416509e-40
  ],
  "timecost": 73.77340769767761,
  "prob": [
    1.0,
    3.452198876552945e-81,
    2.6773530508748406e-82,
    2.757465321545151e-81,
    2.1385523995918185e-82,
    3.6105108363484696e-59,
    2.8001319010237504e-60,
    2.883917983958945e-59,
    2.2366227696983278e-60,
    4.3417868677247e-80,
    3.3672730721001274e-81,
    3.468029261757216e-80,
    2.6896303070929105e-81,
    3.886019185477355e-80,
    3.0138024181227645e-81,
    3.103981991186015e-80,
    2.40729342402791e-81,
    1.8550271412523055e-42
  ]
}