{
  "entropy": [
    2.0179569806623436,
    0.10645008992336118,
    0.0023077585583907573,
    4.9541861749035376e-05,
    9.921178482240029e-07,
    1.8698014082837262e-08,
    3.4009924883838904e-10,
    6.005374626583655e-12,
    1.1926332407876206e-13,
    1.7733210888757034e-15,
    2.9528633081139933e-17
  ],
  "timecost": [
    0.9809565544128418,
    1.0362067222595215,
    0.945603609085083,
    1.032543659210205,
    1.2738447189331055,
    1.4281342029571533,
    1.0624380111694336,
    1.0964233875274658,
    1.3034305572509766,
    0.9957671165466309
  ],
  "cost": [
    14,
    14,
    14,
    15,
    14,
    15,
    14,
    12,
    14,
    14
  ],
  "prob": [
    1.0,
    5.919922342021557e-31,
    5.072441996237019e-31,
    3.8258468724119854e-30,
    3.278148804257394e-30,
    9.175842728291024e-22,
    7.862253475094646e-22,
    5.930038803817918e-21,
    5.0811102122548005e-21,
    6.7390310937478105e-31,
    5.7742893164710734e-31,
    4.355209332745718e-30,
    3.731729141953387e-30,
    6.031618989984227e-31,
    5.168148448996205e-31,
    3.898032662457493e-30,
    3.340000668488666e-30,
    6.919163135993542e-19
  ]
}