{
  "entropy": [
    2.0179569806623436,
    0.0918547341551545,
    0.002201870323783048,
    5.061833987701499e-05,
    1.28647985599045e-06,
    6.199889755175562e-08,
    3.2605850182277572e-09,
    1.5001295115652453e-10,
    7.726485182251918e-12,
    3.4563858398450716e-13,
    1.741330676344991e-14
  ],
  "timecost": [
    0.052378177642822266,
    0.0518488883972168,
    0.03937268257141113,
    0.03995323181152344,
    0.03976869583129883,
    0.03325033187866211,
    0.039780616760253906,
    0.03370046615600586,
    0.04131197929382324,
    0.033635854721069336
  ],
  "cost": [
    18,
    19,
    20,
    20,
    20,
    18,
    20,
    18,
    20,
    18
  ],
  "prob": [
    0.9999999999999997,
    1.0871627950991093e-23,
    9.315274593152865e-24,
    8.6837804354807e-24,
    7.440633512093e-24,
    3.181504696614832e-17,
    2.72604894151762e-17,
    2.5412466618980665e-17,
    2.17744854507788e-17,
    6.7390310937478105e-31,
    5.774289316471069e-31,
    5.382842995528412e-31,
    4.612249501290698e-31,
    6.0316189899842295e-31,
    5.1681484489962085e-31,
    4.817793178318251e-31,
    4.128090713862395e-31,
    3.6647599675568925e-16
  ]
}