{
  "entropy": [
    2.0179569806623436,
    0.08193899207559013,
    0.0021868186268223454,
    4.8478662481024695e-05,
    9.898171798790006e-07,
    2.1504056480211975e-08,
    7.710109941790776e-10,
    5.202671449311817e-11,
    1.8022238096712392e-12,
    1.197109798930702e-13,
    4.0639067444977465e-15
  ],
  "timecost": [
    0.1107637882232666,
    0.08471345901489258,
    0.06410670280456543,
    0.06409358978271484,
    0.06364250183105469,
    0.06374263763427734,
    0.05148029327392578,
    0.06365704536437988,
    0.05134177207946777,
    0.06380867958068848
  ],
  "cost": [
    25,
    23,
    25,
    25,
    25,
    25,
    23,
    25,
    23,
    25
  ],
  "prob": [
    0.9999999999999999,
    1.343684353493281e-24,
    1.151326073311028e-24,
    5.84430591543808e-32,
    5.007650616275022e-32,
    3.181504696614831e-17,
    2.7260489415176205e-17,
    1.3837838231933403e-24,
    1.1856850095236872e-24,
    8.32913955407033e-32,
    7.136762076537285e-32,
    3.6227287636274384e-39,
    3.104108543985476e-39,
    7.454809987620955e-32,
    6.387599206624524e-32,
    3.242442318826768e-39,
    2.778262895721807e-39,
    4.529478611587167e-17
  ]
}