{
  "entropy": [
    2.524036208602731,
    1.8546884531562764,
    0.7744230712644864,
    0.4443598862457445,
    0.6129351818078891,
    0.2133088628421203,
    0.40918226561026555,
    0.5948000346296213,
    0.19325921613269614,
    0.051599019004539136,
    0.019884552152000735
  ],
  "timecost": [
    0.23766589164733887,
    0.26490259170532227,
    0.267087459564209,
    0.1934506893157959,
    0.16273093223571777,
    0.2540102005004883,
    0.20737671852111816,
    0.16402530670166016,
    0.23229169845581055,
    0.1533052921295166
  ],
  "cost": [
    29,
    30,
    29,
    30,
    28,
    29,
    30,
    28,
    30,
    28
  ],
  "prob": [
    0.0021281270326674716,
    0.00031799599338709346,
    1.5774929010750985e-07,
    2.357173300457044e-08,
    0.9973882930855733,
    5.41289941287542e-09,
    7.335582402997264e-05,
    3.9810743676812357e-13,
    1.1026670204876055e-05,
    5.984254787400399e-14,
    1.0529178809419655e-05,
    5.714262558591925e-14,
    7.743990913854023e-10,
    4.202720661702877e-18,
    1.1640580009262141e-10,
    6.317428140522436e-19,
    7.046450433996234e-05,
    3.824160327673057e-13,
    5.182516996194614e-09,
    2.812589981293464e-17,
    7.790234313890818e-10,
    4.22781729404194e-18,
    1.4123822538313091e-08
  ]
}